,City,Country,Humidity,Latitude,Longitude,Max Temp,Min Temp,Wind Speed,Clouds
0,kapaa,US,48.0,22.08,-159.32,25.0,23.3,11.8,1.0
1,torbay,CA,79.0,47.66,-52.73,-3.0,-3.0,3.1,5.0
2,abu dhabi,AE,45.0,24.47,54.37,19.0,17.0,1.5,0.0
3,kodiak,US,73.0,39.95,-94.76,0.0,-1.8,2.6,90.0
4,cape town,ZA,73.0,-33.93,18.42,21.0,21.0,8.7,0.0
5,constitucion,MX,11.0,23.99,-104.67,14.0,14.0,9.3,20.0
6,corrente,BR,85.0,-17.45,-44.68,20.06,20.06,1.34,32.0
7,ostrovnoy,RU,82.0,68.05,39.51,-25.19,-25.19,5.14,12.0
8,port alfred,ZA,91.0,-33.59,26.89,19.54,19.54,6.49,0.0
9,seoul,KR,49.0,37.57,126.98,1.0,-8.0,1.5,1.0
10,susanville,US,81.0,40.42,-120.65,2.0,2.0,1.5,1.0
11,saldanha,PT,88.0,41.42,-6.55,-0.87,-0.87,2.54,32.0
12,nieves,MX,35.0,24.0,-103.02,9.91,9.91,7.19,0.0
13,ushuaia,AR,50.0,-54.81,-68.31,12.0,12.0,7.2,90.0
14,mar del plata,AR,40.0,-46.43,-67.52,18.59,18.59,5.84,0.0
15,kalmunai,LK,88.0,7.42,81.82,25.81,25.81,1.79,36.0
16,geraldton,CA,61.0,49.72,-86.95,-30.0,-30.0,2.6,40.0
17,rikitea,PF,98.0,-23.12,-134.97,27.31,27.31,4.94,8.0
18,xining,CN,76.0,36.62,101.77,-8.82,-8.82,1.14,88.0
19,rock falls,US,86.0,43.21,-93.08,-11.0,-16.0,6.2,40.0
20,sitka,US,71.0,37.17,-99.65,-0.12,-0.12,4.04,20.0
21,yellowknife,CA,77.0,62.45,-114.38,-19.0,-19.0,2.6,90.0
22,berezovyy,RU,62.0,51.67,135.7,-15.97,-15.97,0.64,0.0
23,jamestown,AU,79.0,-33.21,138.6,20.06,20.06,3.39,80.0
24,louisbourg,PF,100.0,-16.48,-151.75,26.81,26.81,5.24,32.0
25,faanui,TT,88.0,10.24,-61.45,24.0,24.0,2.79,20.0
26,esperance,MX,78.0,16.86,-99.88,27.0,27.0,3.6,75.0
27,acapulco,IN,100.0,25.04,83.61,14.91,14.91,1.99,88.0
28,bhabua,AU,85.0,-33.64,115.35,22.49,22.49,3.04,0.0
29,busselton,RU,51.0,52.47,96.11,-21.67,-21.67,1.89,0.0
30,toora-khem,US,59.0,40.52,-78.39,-3.2,-6.1,3.6,40.0
31,altoona,TL,67.0,-8.93,125.41,27.34,27.34,0.99,80.0
32,airai,CA,70.0,66.15,-65.72,-12.99,-12.99,5.19,0.0
33,pangnirtung,RU,84.0,59.7,30.79,-13.0,-13.0,1.0,75.0
34,nikolskoye,CL,71.0,-53.16,-70.91,11.0,11.0,5.7,40.0
35,belushya guba,AU,83.0,-34.72,135.86,20.76,20.76,5.49,56.0
36,punta arenas,AR,72.0,-45.87,-67.48,15.0,15.0,2.1,0.0
37,port lincoln,PH,85.0,13.56,123.37,24.81,24.81,8.39,80.0
38,comodoro rivadavia,BB,78.0,13.22,-59.52,25.0,25.0,7.2,40.0
39,bengkulu,MG,88.0,-25.17,45.06,19.64,19.64,1.24,0.0
40,illoqqortoormiut,CA,74.0,50.1,-91.92,-29.0,-33.0,1.5,5.0
41,ocampo,PG,100.0,-10.62,150.67,28.49,28.49,3.69,56.0
42,bathsheba,AR,78.0,-38.31,-60.23,14.89,14.89,3.84,12.0
43,grand river south east,PG,94.0,-3.66,152.44,30.01,30.01,4.94,32.0
44,beloha,AU,100.0,-20.07,146.27,22.26,22.26,6.59,100.0
45,sioux lookout,AU,28.0,-43.03,147.26,23.0,23.0,10.3,0.0
46,samarai,BS,100.0,26.54,-78.7,19.59,19.59,8.39,100.0
47,barrow,RU,90.0,56.55,36.43,-6.59,-6.59,6.74,92.0
48,namatanai,RU,31.0,71.97,114.09,-29.62,-29.62,3.04,44.0
49,charters towers,PT,87.0,38.8,-9.45,11.0,10.0,5.7,20.0
50,margate,NZ,75.0,-46.19,168.86,22.79,22.79,2.59,24.0
51,freeport,JP,55.0,35.73,140.83,4.0,4.0,4.1,20.0
52,novozavidovskiy,EC,93.0,-0.39,-78.55,15.0,13.0,2.6,20.0
53,saskylakh,LK,95.0,7.35,80.68,22.74,22.74,1.64,24.0
54,colares,SA,55.0,26.33,43.97,19.0,19.0,1.0,75.0
55,mataura,GY,88.0,6.8,-58.16,25.0,25.0,3.1,40.0
56,hasaki,GL,62.0,65.61,-37.64,-5.0,-5.0,7.7,88.0
57,san cristobal,JP,39.0,33.37,134.14,9.0,9.0,6.7,75.0
58,wattegama,US,56.0,42.65,-73.75,-6.7,-12.0,1.69,75.0
59,lolua,SO,78.0,5.35,48.53,23.91,23.91,8.64,8.0
60,buraydah,MU,83.0,-20.41,57.7,26.0,26.0,1.0,20.0
61,georgetown,CA,72.0,63.75,-68.52,-8.0,-8.0,5.1,75.0
62,tasiilaq,BR,97.0,-19.68,-51.19,22.56,22.56,2.34,12.0
63,muroto,AR,78.0,-38.38,-60.28,14.89,14.89,3.84,12.0
64,albany,JP,52.0,33.93,134.5,6.0,4.0,5.7,75.0
65,hobyo,RU,100.0,50.68,156.12,-2.77,-2.77,2.89,76.0
66,mahebourg,IN,93.0,15.34,74.49,15.0,15.0,2.59,40.0
67,iqaluit,BR,98.0,-17.81,-50.6,19.41,19.41,1.09,56.0
68,paranaiba,CF,61.0,4.95,23.92,25.51,25.51,3.69,8.0
69,tres arroyos,EC,100.0,-0.74,-90.35,25.16,25.16,3.89,0.0
70,katsuura,GL,100.0,72.79,-56.15,-13.82,-13.82,8.34,68.0
71,severo-kurilsk,US,53.0,19.71,-155.08,23.9,23.9,9.3,40.0
72,vaini,BR,100.0,-7.47,-34.81,24.0,24.0,2.6,75.0
73,santa helena de goias,CA,83.0,70.47,-68.59,-26.0,-26.0,9.3,90.0
74,rafai,AU,37.0,-25.24,130.99,29.0,29.0,9.8,68.0
75,puerto ayora,US,47.0,42.13,-70.92,0.0,-3.9,2.04,68.0
76,upernavik,VU,100.0,-15.51,167.18,23.69,23.69,1.89,92.0
77,hilo,CN,66.0,25.28,110.29,10.0,10.0,2.0,90.0
78,pitimbu,IT,80.0,41.89,12.48,4.0,1.0,0.5,0.0
79,barentsburg,NZ,79.0,-46.28,169.85,22.44,22.44,3.69,24.0
80,clyde river,US,79.0,30.04,-94.42,12.8,11.5,1.5,90.0
81,yulara,AU,28.0,-42.88,147.33,23.0,23.0,10.3,0.0
82,rockland,PE,88.0,-13.71,-76.2,23.0,23.0,7.7,0.0
83,luganville,CN,86.0,22.76,100.79,14.76,14.76,0.69,20.0
84,guilin,BR,91.0,-6.22,-57.76,24.41,24.41,0.99,8.0
85,roma,IR,66.0,28.22,61.21,-3.09,-3.09,1.19,0.0
86,kaitangata,CA,73.0,55.74,-97.86,-34.0,-34.0,1.84,40.0
87,nome,RU,81.0,69.38,178.42,-18.59,-18.59,5.74,80.0
88,rolim de moura,GB,87.0,51.04,-4.21,7.0,7.0,8.7,92.0
89,taolanaro,GL,100.0,77.48,-69.36,-29.19,-29.19,4.69,0.0
90,hobart,ZA,100.0,-33.02,27.91,21.16,21.16,7.64,56.0
91,pisco,CL,76.0,-42.48,-73.76,10.0,10.0,1.0,0.0
92,simao,RU,68.0,71.98,102.47,-26.27,-26.27,1.19,56.0
93,jacareacanga,NO,47.0,61.99,5.14,2.0,2.0,8.2,44.0
94,khash,AR,99.0,-38.55,-58.74,14.84,14.84,3.49,0.0
95,thompson,FO,64.0,62.23,-6.59,1.0,1.0,14.4,68.0
96,leningradskiy,AT,100.0,48.64,13.53,1.0,1.0,1.0,75.0
97,northam,CL,71.0,-42.79,-73.57,11.0,10.0,3.1,0.0
98,qaanaaq,AU,28.0,-42.78,147.06,23.0,23.0,10.3,0.0
99,east london,BR,94.0,-5.81,-35.21,25.0,25.0,3.1,40.0
100,castro,RU,68.0,51.46,104.64,-14.27,-14.27,2.69,0.0
101,kazalinsk,TZ,95.0,-6.34,31.07,17.39,17.39,2.14,36.0
102,khatanga,ZA,93.0,-34.42,19.24,13.29,13.29,2.24,0.0
103,raudeberg,US,41.0,21.32,-158.01,25.0,20.9,5.7,1.0
104,necochea,PK,99.0,29.55,66.02,2.19,2.19,0.99,32.0
105,klaksvik,GA,100.0,-1.57,9.26,26.81,26.81,4.24,44.0
106,wanning,RU,64.0,53.94,139.92,-13.12,-13.12,2.74,0.0
107,piopio,IT,76.0,40.36,18.17,9.0,4.0,7.7,0.0
108,new norfolk,MZ,100.0,-15.12,39.26,23.0,23.0,2.04,75.0
109,andenes,ID,69.0,5.56,95.32,28.34,28.34,3.04,20.0
110,natal,CN,64.0,49.6,117.43,-11.44,-11.44,8.29,64.0
111,vydrino,BN,94.0,5.28,115.24,26.0,25.0,1.5,75.0
112,mpanda,RU,87.0,67.55,63.78,-28.82,-28.82,1.84,36.0
113,hermanus,CA,92.0,58.52,-117.13,-5.0,-5.0,1.14,90.0
114,ewa beach,CO,85.0,6.19,-67.49,22.91,22.91,1.34,36.0
115,nushki,RU,96.0,69.7,170.27,-20.59,-20.59,5.39,88.0
116,omboue,CA,100.0,48.65,-53.11,-2.92,-2.92,5.24,0.0
117,mnogovershinnyy,ES,67.0,28.66,-17.92,16.0,16.0,4.1,0.0
118,lecce,ET,78.0,8.96,38.73,2.26,2.26,1.14,0.0
119,kismayo,BR,90.0,-20.63,-46.0,17.69,17.69,1.24,44.0
120,nampula,OM,64.0,17.01,54.1,22.0,22.0,2.1,0.0
121,banda aceh,PF,100.0,-9.8,-139.03,25.44,25.44,7.29,20.0
122,manzhouli,CA,56.0,44.08,-80.2,-9.0,-16.0,1.0,90.0
123,victoria,SO,100.0,9.49,50.81,24.94,24.94,8.54,92.0
124,komsomolskiy,IT,86.0,41.05,15.79,-2.0,-2.0,3.1,20.0
125,high level,GB,93.0,60.4,-1.35,3.0,3.0,5.1,80.0
126,puerto carreno,IE,88.0,53.8,-9.52,5.91,5.91,12.34,36.0
127,pevek,AU,79.0,-20.74,116.85,27.79,27.79,9.19,92.0
128,bonavista,HT,100.0,18.65,-74.12,23.01,23.01,0.99,0.0
129,los llanos de aridane,KI,100.0,3.07,172.79,27.84,27.84,4.29,80.0
130,lebu,GL,86.0,64.17,-51.74,-3.0,-3.0,10.3,0.0
131,ponta do sol,RU,80.0,73.51,80.55,-22.27,-22.27,10.79,36.0
132,salalah,IT,100.0,37.11,13.95,1.0,1.0,1.5,40.0
133,atuona,CA,76.0,69.44,-133.03,-24.0,-24.0,4.6,75.0
134,shelburne,NO,62.0,78.22,15.63,-4.0,-4.0,7.7,20.0
135,bandarbeyla,PG,99.0,-2.57,150.8,29.59,29.59,4.59,80.0
136,lavello,FR,87.0,49.65,0.71,8.0,7.0,6.2,92.0
137,brae,DE,87.0,50.59,6.65,7.0,3.0,5.1,75.0
138,westport,CA,77.0,55.1,-105.3,-17.0,-17.0,3.1,90.0
139,karratha,MU,83.0,-20.34,57.76,26.0,26.0,1.0,20.0
140,jeremie,MG,100.0,-14.27,50.17,26.84,26.84,2.04,0.0
141,attawapiskat,CN,68.0,25.49,103.8,12.91,12.91,4.54,0.0
142,butaritari,US,89.0,60.79,-161.76,3.3,2.2,9.8,90.0
143,nuuk,US,21.0,33.75,-118.37,24.4,18.9,1.5,1.0
144,dikson,MV,100.0,-0.6,73.08,27.74,27.74,5.49,64.0
145,licata,VU,66.0,-19.55,169.27,30.0,30.0,6.7,75.0
146,tuktoyaktuk,MY,60.0,3.45,102.42,28.91,28.91,1.54,32.0
147,longyearbyen,RU,38.0,68.75,161.3,-31.82,-31.82,1.14,76.0
148,vaitupu,PT,67.0,37.72,-25.43,14.0,14.0,3.6,75.0
149,kavieng,RU,100.0,64.42,-173.23,-7.84,-7.84,9.49,92.0
150,veraval,BR,77.0,-20.02,-44.06,21.0,19.0,2.54,0.0
151,mechernich,LK,87.0,8.76,80.5,25.59,25.59,1.99,0.0
152,la ronge,CA,93.0,54.32,-130.32,7.0,7.0,3.6,90.0
153,sao lourenco do oeste,US,64.0,36.97,-122.03,18.3,14.4,1.24,1.0
154,bambous virieux,MZ,98.0,-23.87,35.38,23.59,23.59,6.79,76.0
155,sambava,US,64.0,36.62,-121.92,18.3,12.0,1.19,1.0
156,krasnoselkup,FR,87.0,45.6,-0.6,10.0,8.0,7.7,88.0
157,qujing,BR,96.0,-9.01,-35.22,25.04,25.04,2.99,80.0
158,bethel,ZA,73.0,-34.53,20.04,22.0,22.0,5.1,0.0
159,mys shmidta,LY,94.0,30.75,20.22,9.89,9.89,4.74,80.0
160,rancho palos verdes,US,60.0,40.73,-73.63,1.1,-3.0,1.5,75.0
161,hithadhoo,NZ,30.0,-44.7,169.14,25.31,25.31,2.54,44.0
162,isangel,RU,70.0,60.13,64.8,-20.59,-20.59,2.44,44.0
163,temerloh,PT,100.0,38.52,-28.7,15.59,15.59,6.74,80.0
164,cherskiy,CN,48.0,35.41,116.58,3.69,3.69,4.79,48.0
165,vila franca do campo,MU,83.0,-19.98,57.61,26.0,26.0,1.0,20.0
166,provideniya,PG,97.0,-2.02,147.27,28.89,28.89,6.39,76.0
167,ibirite,MK,77.0,41.28,20.71,-11.09,-11.09,0.79,0.0
168,vavuniya,CA,0.0,50.56,-96.99,-37.37,-37.37,0.69,20.0
169,skalistyy,ES,100.0,39.85,3.12,13.0,13.0,3.6,20.0
170,prince rupert,GQ,100.0,1.58,9.62,26.0,26.0,4.24,20.0
171,santa cruz,RU,77.0,66.84,32.36,-18.07,-18.07,4.49,80.0
172,inhambane,CN,93.0,29.96,122.3,9.59,9.59,1.89,0.0
173,marcona,ET,86.0,14.12,38.72,7.49,7.49,1.69,0.0
174,pacific grove,BR,90.0,-22.97,-42.02,24.76,24.76,4.74,8.0
175,souillac,US,86.0,39.75,-75.55,1.1,-3.3,2.24,90.0
176,maragogi,PF,66.0,-17.73,-149.15,29.0,29.0,5.7,75.0
177,bredasdorp,FR,100.0,44.83,-0.61,11.0,10.0,9.8,48.0
178,ajdabiya,CD,87.0,1.51,21.07,23.94,23.94,1.79,12.0
179,garden city,PT,87.0,37.14,-8.45,10.0,10.0,3.6,0.0
180,wanaka,NG,88.0,5.43,7.07,23.76,23.76,2.99,44.0
181,uray,CK,78.0,-21.21,-159.78,28.0,28.0,9.3,75.0
182,ribeira grande,EE,80.0,59.1,26.19,-14.37,-14.37,1.89,48.0
183,jining,BR,49.0,-9.84,-39.48,26.14,26.14,6.29,24.0
184,cap malheureux,PE,100.0,-10.75,-77.76,21.99,21.99,4.24,12.0
185,barawe,RU,72.0,42.43,130.64,1.16,1.16,1.44,0.0
186,lorengau,AU,28.0,-20.73,139.49,35.0,35.0,5.7,0.0
187,poum,NO,100.0,71.03,27.85,-20.22,-20.22,3.24,0.0
188,husavik,DZ,43.0,27.87,-0.29,11.0,11.0,3.6,0.0
189,alcudia,AU,50.0,-23.58,149.07,31.79,31.79,6.04,44.0
190,mbini,CD,94.0,-3.52,23.6,21.49,21.49,0.99,20.0
191,zelenoborskiy,PH,85.0,13.72,123.58,24.81,24.81,8.39,80.0
192,aktas,RU,67.0,56.56,76.62,-16.44,-16.44,5.14,48.0
193,shenjiamen,US,55.0,39.62,-77.74,1.1,-3.0,1.24,1.0
194,aksum,SY,76.0,34.45,40.92,12.06,12.06,4.79,76.0
195,arraial do cabo,GL,92.0,60.91,-46.05,-3.0,-3.0,8.7,76.0
196,asau,CL,88.0,-29.95,-71.34,17.0,17.0,3.1,0.0
197,wilmington,RU,71.0,53.62,109.63,-18.37,-18.37,1.24,44.0
198,tautira,NZ,62.0,-46.13,167.69,21.04,21.04,3.34,20.0
199,saint-augustin,LY,70.0,26.59,12.77,2.84,2.84,2.89,0.0
200,bongandanga,CM,99.0,4.42,9.93,22.51,22.51,1.79,76.0
201,lagoa,GB,93.0,52.47,1.45,7.0,7.0,4.1,92.0
202,naze,PE,33.0,-3.68,-80.68,32.0,32.0,1.5,75.0
203,avarua,BR,85.0,-11.53,-37.51,24.09,24.09,2.79,100.0
204,vao,RU,76.0,65.61,72.68,-27.22,-27.22,4.94,80.0
205,uaua,CV,95.0,14.9,-24.5,22.59,22.59,4.69,92.0
206,barranca,NO,100.0,67.67,12.69,0.51,0.51,6.39,80.0
207,khasan,RU,73.0,47.15,134.34,-8.87,-8.87,3.19,0.0
208,mount isa,MX,53.0,22.89,-109.91,22.0,22.0,3.1,75.0
209,mehamn,UA,89.0,51.7,30.66,-8.47,-8.47,3.49,88.0
210,acarau,ZA,100.0,-34.05,23.37,18.79,18.79,5.69,0.0
211,adrar,US,54.0,30.33,-81.66,11.1,5.0,4.1,75.0
212,bluff,BR,97.0,-21.64,-41.05,27.01,27.01,4.99,88.0
213,korla,CA,92.0,45.36,-73.48,-12.0,-17.0,3.19,1.0
214,jiddah,RU,0.0,71.64,128.87,-34.67,-34.67,2.24,24.0
215,lodja,RS,100.0,43.22,22.31,-6.0,-6.0,0.89,40.0
216,sabang,UY,85.0,-33.69,-53.46,24.89,24.89,5.04,64.0
217,kyshtovka,RU,0.0,70.62,147.9,-37.77,-37.77,1.39,44.0
218,vardo,MZ,98.0,-23.86,35.35,23.59,23.59,6.79,76.0
219,abu kamal,NZ,50.0,-45.41,167.72,21.41,21.41,4.39,56.0
220,narsaq,HR,86.0,45.29,18.06,-3.0,-3.0,3.6,0.0
221,kamenskoye,CN,53.0,37.88,114.65,-3.0,-3.0,2.0,64.0
222,umzimvubu,ES,87.0,37.81,-0.83,13.0,9.0,3.6,12.0
223,coquimbo,IT,80.0,41.89,12.48,4.0,1.0,0.5,0.0
224,barguzin,PK,86.0,34.05,73.15,3.0,3.0,1.39,0.0
225,tuatapere,NO,100.0,62.58,6.12,0.0,0.0,5.7,24.0
226,awbari,US,61.0,33.19,-82.53,4.4,1.3,1.09,1.0
227,madimba,CG,92.0,-1.87,15.88,22.24,22.24,4.04,64.0
228,broome,ID,98.0,0.57,122.3,25.54,25.54,1.19,88.0
229,zorritos,ZA,65.0,-30.97,22.13,13.76,13.76,4.69,0.0
230,indiaroba,RU,68.0,54.9,71.26,-18.34,-18.34,6.49,36.0
231,staryy nadym,GM,41.0,13.79,-15.05,21.19,21.19,3.04,32.0
232,sao filipe,AU,66.0,-38.6,145.59,20.56,20.56,2.29,76.0
233,sorland,RU,76.0,66.83,70.83,-21.57,-21.57,7.39,68.0
234,lermontovka,US,92.0,64.86,-147.8,-4.4,-15.0,1.79,1.0
235,cabo san lucas,IN,72.0,30.78,78.62,-3.57,-3.57,0.79,32.0
236,lyubech,BR,89.0,-22.11,-56.53,24.04,24.04,3.19,0.0
237,plettenberg bay,UY,88.0,-34.91,-54.96,23.0,23.0,3.6,0.0
238,jacksonville,RU,47.0,66.42,112.4,-34.52,-34.52,1.09,68.0
239,sao joao da barra,CN,52.0,47.92,123.49,-7.99,-7.99,1.99,0.0
240,saint-philippe,BR,83.0,-30.17,-50.22,24.39,24.39,6.49,0.0
241,tiksi,IT,37.0,39.93,9.66,10.0,10.0,2.6,5.0
242,bela palanka,CN,28.0,42.27,118.96,-2.09,-2.09,4.94,20.0
243,chuy,NO,58.0,63.83,10.7,-3.0,-5.0,11.3,40.0
244,chokurdakh,IN,83.0,13.35,74.72,21.0,21.0,2.1,0.0
245,maxixe,BR,94.0,-5.2,-35.46,25.0,25.0,1.5,40.0
246,nizhneyansk,BR,77.0,-22.3,-53.27,25.14,25.14,3.94,0.0
247,te anau,JP,48.0,35.37,132.75,8.0,7.0,2.1,75.0
248,paka,CA,91.0,43.74,-81.71,-13.82,-13.82,4.99,44.0
249,luancheng,US,66.0,36.3,-76.22,4.7,0.0,3.04,1.0
250,san javier,GF,99.0,5.38,-52.96,25.64,25.64,4.39,88.0
251,rome,CL,32.0,-34.58,-70.99,27.0,27.0,1.5,20.0
252,tubruq,US,53.0,37.35,-108.58,0.6,0.6,2.1,1.0
253,havelian,ZA,93.0,-28.55,16.43,15.91,15.91,1.09,20.0
254,roald,CA,93.0,49.38,-121.43,4.0,-2.0,1.0,20.0
255,avera,NA,91.0,-26.65,15.16,14.39,14.39,5.04,12.0
256,gamboma,CA,93.0,50.7,-127.42,7.0,7.0,1.0,75.0
257,lamu,BR,93.0,-7.71,-67.0,24.56,24.56,1.14,20.0
258,carnarvon,PH,69.0,14.29,120.72,25.0,25.0,4.1,75.0
259,isilkul,US,100.0,40.87,-124.08,14.0,13.9,2.1,1.0
260,nioro,SN,31.0,14.69,-17.45,25.0,25.0,3.6,64.0
261,wonthaggi,PE,89.0,-10.07,-78.15,19.19,19.19,1.19,8.0
262,yar-sale,PT,75.0,40.36,-7.35,-1.37,-1.37,1.19,0.0
263,college,CA,61.0,49.79,-92.84,-29.0,-29.0,2.1,1.0
264,lata,US,70.0,44.26,-88.41,-15.5,-17.0,2.6,90.0
265,bela vista,MX,69.0,17.52,-101.27,28.0,28.0,4.1,5.0
266,maldonado,ES,72.0,40.34,-1.11,4.0,0.0,2.1,90.0
267,udachnyy,CG,95.0,-2.55,14.76,21.01,21.01,4.34,92.0
268,gannan,PG,100.0,-6.22,155.63,28.06,28.06,2.49,8.0
269,stornoway,HN,88.0,15.09,-87.97,23.0,23.0,2.1,20.0
270,cidreira,IS,100.0,63.44,-20.27,-5.74,-5.74,1.69,20.0
271,tortoli,PH,65.0,11.0,122.67,26.19,26.19,8.79,20.0
272,chifeng,CA,42.0,50.69,-114.23,11.0,8.0,5.1,1.0
273,hovd,PE,94.0,-11.1,-77.61,19.76,19.76,0.79,20.0
274,malpe,US,70.0,39.31,-74.98,0.6,-3.3,2.1,1.0
275,touros,SV,78.0,13.64,-88.78,26.0,24.0,2.6,0.0
276,bataipora,GL,98.0,60.14,-45.24,-2.07,-2.07,11.29,36.0
277,izumo,CA,68.0,50.03,-66.88,-29.0,-29.0,2.1,5.0
278,goderich,ID,100.0,-0.86,131.25,27.49,27.49,1.69,100.0
279,elizabeth city,OM,100.0,22.57,59.53,20.56,20.56,4.29,0.0
280,olafsvik,GR,100.0,39.45,22.34,6.0,5.0,5.1,75.0
281,sinnamary,GL,58.0,69.22,-51.1,-2.0,-2.0,10.3,80.0
282,san fernando,RU,80.0,69.49,88.39,-28.22,-28.22,1.54,36.0
283,cortez,RU,75.0,56.01,90.42,-11.57,-11.57,5.29,64.0
284,oranjemund,KE,91.0,0.01,37.07,4.01,4.01,0.89,8.0
285,hope,BF,35.0,10.98,-4.92,21.0,21.0,3.1,0.0
286,luderitz,CN,100.0,31.46,104.75,7.66,7.66,2.24,92.0
287,port hardy,ZA,98.0,-23.69,30.14,15.49,15.49,4.94,92.0
288,pauini,RU,61.0,60.06,69.92,-24.84,-24.84,2.44,44.0
289,ternate,JP,55.0,24.8,125.28,17.0,17.0,4.1,75.0
290,arcata,AU,66.0,-14.47,132.26,31.0,31.0,4.6,40.0
291,dakar,IN,72.0,30.62,78.32,-3.57,-3.57,0.79,32.0
292,huarmey,CV,43.0,15.13,-23.22,22.0,22.0,4.1,75.0
293,belmonte,CM,91.0,3.87,11.52,22.54,22.54,1.64,88.0
294,dryden,BR,100.0,-24.32,-47.0,27.81,27.81,7.64,68.0
295,appleton,CN,71.0,42.84,93.51,-6.02,-6.02,2.44,68.0
296,petatlan,US,100.0,45.52,-122.67,8.3,4.4,0.94,90.0
297,samusu,ML,65.0,22.68,-3.98,7.81,7.81,1.24,8.0
298,teruel,PE,100.0,-10.8,-77.72,21.99,21.99,4.24,12.0
299,hihifo,EG,41.0,26.55,31.7,16.0,16.0,2.1,0.0
300,djambala,US,76.0,41.47,-87.06,-8.0,-11.1,1.34,90.0
301,kieta,MR,69.0,20.93,-17.03,17.24,17.24,2.04,88.0
302,amapa,AR,43.0,-43.3,-65.11,19.81,19.81,10.99,0.0
303,vestmannaeyjar,US,92.0,64.84,-147.72,-11.7,-15.0,1.79,1.0
304,dingle,BR,74.0,-15.26,-39.35,28.0,28.0,3.1,20.0
305,black diamond,RU,0.0,62.0,132.43,-35.37,-35.37,1.59,24.0
306,ingelheim,RU,61.0,56.36,114.84,-20.69,-20.69,0.94,24.0
307,hualmay,TR,90.0,40.67,33.6,-0.94,-0.94,0.94,92.0
308,port elizabeth,CI,96.0,4.95,-6.09,28.34,28.34,4.29,8.0
309,san vicente,BR,93.0,-9.87,-56.08,23.89,23.89,0.69,8.0
310,nanortalik,AR,96.0,-29.14,-59.27,25.56,25.56,4.29,76.0
311,port-cartier,BR,78.0,-9.67,-35.74,25.0,25.0,2.6,40.0
312,sorong,BR,96.0,-8.9,-35.15,25.04,25.04,2.99,80.0
313,sur,CO,91.0,11.78,-72.45,25.56,25.56,10.79,0.0
314,saint george,JP,30.0,35.74,139.53,7.0,6.0,6.7,20.0
315,ilulissat,TC,100.0,21.46,-71.14,24.89,24.89,9.09,64.0
316,talnakh,US,73.0,21.44,-157.84,25.0,20.9,9.3,20.0
317,nazarovo,GL,84.0,68.71,-52.87,-2.37,-2.37,8.99,32.0
318,nanyuki,CD,97.0,-6.42,20.79,22.79,22.79,0.89,76.0
319,orodara,US,80.0,35.93,-89.92,7.2,5.0,4.1,1.0
320,mianyang,CO,65.0,4.71,-75.1,26.0,26.0,2.1,20.0
321,duiwelskloof,IS,58.0,63.84,-22.43,-4.0,-6.0,2.6,0.0
322,amderma,GB,87.0,54.08,-0.19,7.0,5.0,5.1,92.0
323,gornopravdinsk,AR,88.0,-51.62,-69.22,16.0,16.0,5.7,40.0
324,grand centre,BG,93.0,42.17,26.57,4.0,4.0,2.1,90.0
325,hirara,RU,76.0,57.06,64.64,-22.0,-22.0,6.0,20.0
326,katherine,CA,64.0,49.22,-68.15,-17.0,-19.0,2.6,90.0
327,umm durman,MX,62.0,18.62,-100.35,14.76,14.76,1.19,0.0
328,dunda,AU,61.0,-34.58,150.85,27.0,27.0,10.3,56.0
329,vila do maio,AU,94.0,-16.92,145.77,26.0,26.0,6.2,90.0
330,yaounde,RU,74.0,60.47,166.1,-24.24,-24.24,1.34,0.0
331,peruibe,CN,49.0,47.79,124.46,-8.42,-8.42,1.44,0.0
332,hami,AU,38.0,-28.95,153.24,34.0,30.0,3.1,0.0
333,tabiauea,PE,96.0,-12.12,-73.0,19.14,19.14,0.79,64.0
334,naftah,CN,91.0,29.04,111.68,6.24,6.24,2.04,80.0
335,portland,YE,71.0,14.28,44.38,0.84,0.84,0.99,0.0
336,taoudenni,RU,59.0,65.85,74.49,-24.57,-24.57,7.09,88.0
337,supe,ZA,86.0,-34.0,24.73,17.39,17.39,5.39,0.0
338,sohag,RU,100.0,65.58,-170.99,-4.37,-4.37,9.74,92.0
339,valparaiso,TH,47.0,15.86,104.63,25.84,25.84,7.64,0.0
340,bentiu,RU,70.0,58.71,81.5,-16.92,-16.92,3.49,48.0
341,nouadhibou,IN,87.0,22.32,72.62,12.0,12.0,3.1,0.0
342,rawson,MX,94.0,18.68,-88.39,23.0,23.0,2.54,75.0
343,fairbanks,ID,64.0,-3.36,135.5,29.34,29.34,1.19,8.0
344,coracao de maria,RU,69.0,50.72,136.64,-16.92,-16.92,1.54,20.0
345,churapcha,PY,69.0,-26.98,-56.83,29.24,29.24,2.14,20.0
346,taksimo,BR,91.0,-12.74,-60.15,23.06,23.06,0.19,68.0
347,ayan,MN,76.0,47.92,106.92,-21.0,-21.0,1.0,0.0
348,toliary,NO,58.0,63.2,10.3,-3.0,-5.0,11.3,40.0
349,sassandra,BR,48.0,2.82,-60.67,30.0,30.0,5.1,40.0
350,alta floresta,ID,89.0,-7.94,110.25,28.09,28.09,1.34,64.0
351,goya,CA,92.0,60.82,-115.79,-15.0,-15.0,1.5,90.0
352,maceio,AR,84.0,-35.66,-63.75,26.34,26.34,5.74,92.0
353,sao jose da coroa grande,NO,100.0,70.86,29.09,-18.74,-18.74,3.14,8.0
354,manaure,RU,74.0,54.5,79.67,-17.49,-17.49,7.19,44.0
355,nishihara,SY,84.0,35.3,37.18,3.39,3.39,1.09,0.0
356,cockburn town,BR,100.0,-17.34,-39.22,26.54,26.54,4.14,80.0
357,ahuimanu,UA,100.0,47.3,31.79,-2.17,-2.17,4.84,92.0
358,aasiaat,CL,54.0,-45.58,-72.07,12.0,12.0,1.5,0.0
359,tshikapa,NZ,65.0,-35.17,173.16,23.09,23.09,4.84,0.0
360,blytheville,US,39.0,34.64,-120.46,20.0,17.0,1.19,75.0
361,santa isabel,EC,96.0,0.61,-80.02,23.29,23.29,1.59,92.0
362,grindavik,ID,92.0,-2.54,115.51,25.64,25.64,1.39,88.0
363,bridlington,AO,94.0,-8.42,20.74,19.91,19.91,1.24,68.0
364,rio gallegos,CL,76.0,-41.87,-73.83,10.0,10.0,1.0,0.0
365,elhovo,VG,69.0,18.42,-64.62,25.0,24.4,6.7,40.0
366,warqla,MU,83.0,-20.01,57.66,26.0,26.0,1.0,20.0
367,tugulym,JP,75.0,33.63,130.94,8.0,5.0,4.1,20.0
368,baie-comeau,PT,93.0,38.73,-27.07,14.0,14.0,6.34,40.0
369,coahuayana,CA,85.0,46.37,-82.65,-12.0,-12.0,5.7,90.0
370,flinders,MG,94.0,-18.17,49.38,24.0,24.0,4.1,75.0
371,cairns,BR,95.0,-15.89,-52.26,21.39,21.39,2.74,24.0
372,tilichiki,RU,61.0,49.74,142.83,-10.07,-10.07,3.34,0.0
373,fuyu,IN,67.0,24.93,76.29,7.39,7.39,1.54,0.0
374,codrington,PE,88.0,-12.06,-77.04,23.0,23.0,6.2,40.0
375,pangoa,PH,100.0,17.08,122.42,21.76,21.76,6.19,92.0
376,changde,HT,100.0,18.19,-73.75,25.31,25.31,6.39,0.0
377,aras,AU,52.0,-31.43,152.91,33.0,33.0,3.6,0.0
378,pangody,ID,99.0,-0.69,100.95,21.89,21.89,1.44,92.0
379,saleaula,RU,100.0,43.06,45.56,1.0,1.0,2.0,90.0
380,kruisfontein,CA,92.0,53.35,-110.85,2.0,2.0,4.6,90.0
381,lavrentiya,FR,81.0,47.55,-2.56,9.0,8.0,7.7,90.0
382,tsihombe,AU,59.0,-15.77,128.74,33.0,33.0,4.6,0.0
383,amnat charoen,BR,100.0,-17.73,-39.27,27.24,27.24,5.59,76.0
384,parabel,AR,31.0,-39.03,-67.58,26.0,26.0,2.6,0.0
385,khambhat,DE,91.0,52.29,11.41,1.94,1.94,5.29,64.0
386,bacalar,IT,92.0,45.76,8.56,0.0,-3.0,1.5,0.0
387,nabire,US,62.0,27.05,-82.42,15.0,13.9,5.7,75.0
388,solnechnyy,US,79.0,34.88,-76.9,6.1,1.1,2.14,1.0
389,san patricio,BR,78.0,-16.44,-39.06,27.0,27.0,4.1,40.0
390,vilhena,RU,69.0,65.37,58.04,-26.22,-26.22,1.24,36.0
391,ulaanbaatar,MX,27.0,30.72,-111.84,8.79,8.79,2.44,0.0
392,ler,IN,81.0,30.57,79.57,-21.87,-21.87,0.24,56.0
393,boa vista,IN,91.0,19.09,74.75,14.39,14.39,4.49,88.0
394,srandakan,RU,83.0,53.87,39.17,-8.34,-8.34,7.84,92.0
395,hay river,US,38.0,31.42,-103.49,9.4,8.3,3.1,1.0
396,general pico,TZ,86.0,-2.12,33.07,21.16,21.16,2.59,12.0
397,kadykchan,OM,45.0,23.6,58.55,17.0,17.0,1.0,0.0
398,berlevag,BR,93.0,-25.23,-50.6,18.59,18.59,3.04,0.0
399,dovolnoye,IR,64.0,35.58,53.39,4.0,4.0,1.0,0.0
400,abu samrah,BR,94.0,-9.91,-63.03,24.31,24.31,0.29,12.0
401,prado,RU,53.0,54.44,113.59,-17.27,-17.27,2.99,24.0
402,nova odesa,RU,89.0,48.97,140.29,-8.92,-8.92,1.99,12.0
403,coihaique,IN,90.0,22.47,78.44,11.14,11.14,2.34,44.0
404,ahipara,CM,100.0,3.63,9.81,26.69,26.69,4.74,64.0
405,karaul,MA,100.0,34.03,-5.02,12.0,11.0,2.1,90.0
406,lompoc,SL,77.0,7.53,-12.5,26.64,26.64,2.59,0.0
407,muisne,CA,85.0,43.96,-78.17,-7.0,-14.0,1.0,90.0
408,sembe,AU,74.0,-35.12,139.28,22.69,22.69,5.64,0.0
409,labuhan,ZM,91.0,-16.1,23.3,19.24,19.24,1.34,24.0
410,lucapa,ET,74.0,6.6,38.42,8.56,8.56,1.54,0.0
411,ancud,ZM,97.0,-10.39,28.7,18.14,18.14,1.24,88.0
412,road town,MX,99.0,21.28,-88.27,20.04,20.04,2.24,44.0
413,grand gaube,CA,84.0,65.28,-126.83,-18.0,-18.0,6.94,90.0
414,miyako,CA,74.0,49.78,-74.86,-31.0,-31.0,1.5,75.0
415,pemangkat,BR,92.0,-0.13,-67.09,24.39,24.39,1.14,44.0
416,praia da vitoria,AU,55.0,-32.59,151.78,33.0,33.0,5.7,20.0
417,elliot lake,PE,100.0,-10.75,-76.3,5.09,5.09,0.54,68.0
418,toamasina,CY,44.0,34.92,32.53,16.0,15.0,6.2,0.0
419,barra do garcas,RU,63.0,52.63,126.75,-15.92,-15.92,1.64,76.0
420,smirnykh,IE,64.0,51.55,-9.27,4.0,4.0,12.9,40.0
421,sangod,MY,94.0,3.17,113.03,25.0,25.0,1.5,75.0
422,lima,NU,70.0,-19.06,-169.92,29.0,29.0,6.7,64.0
423,dicabisagan,PT,81.0,38.7,-9.42,11.0,10.0,2.6,20.0
424,les cayes,NC,91.0,-21.55,167.88,26.56,26.56,7.69,48.0
425,port macquarie,ZW,99.0,-20.94,29.0,18.39,18.39,5.19,92.0
426,odweyne,ID,93.0,-7.02,113.87,28.89,28.89,8.09,56.0
427,sijunjung,BR,83.0,-3.71,-38.6,27.0,27.0,2.1,75.0
428,martan-chu,CN,93.0,28.45,104.71,8.14,8.14,0.79,88.0
429,vermilion,AF,74.0,33.35,64.42,-16.69,-16.69,2.09,0.0
430,ambon,PE,81.0,-13.74,-72.9,8.54,8.54,0.69,80.0
431,kununurra,ID,89.0,-7.95,110.28,28.09,28.09,1.34,64.0
432,caravelas,CD,99.0,-11.66,27.48,17.69,17.69,2.04,92.0
433,general roca,GF,88.0,4.94,-52.33,24.0,24.0,1.0,75.0
434,haldensleben,RU,100.0,59.36,143.24,-18.59,-18.59,2.49,64.0
435,arona,NO,94.0,61.84,6.81,-13.37,-13.37,0.74,24.0
436,south venice,AO,98.0,-12.02,17.48,16.26,16.26,1.24,48.0
437,havelock,PH,90.0,12.22,125.48,25.44,25.44,9.24,64.0
438,porto seguro,NA,100.0,-22.12,14.28,15.26,15.26,1.59,36.0
439,synya,EG,42.0,31.35,27.25,9.0,9.0,6.2,0.0
440,palabuhanratu,JP,24.0,34.7,138.93,8.0,6.0,1.5,20.0
441,altar,KZ,72.0,49.15,56.49,-14.22,-14.22,7.49,0.0
442,joshimath,ET,86.0,8.81,40.52,7.01,7.01,0.34,0.0
443,ahmadnagar,NE,45.0,18.69,12.92,8.41,8.41,5.04,0.0
444,shirokiy,AO,89.0,-14.92,13.49,14.04,14.04,0.49,0.0
445,tahta,DO,88.0,19.77,-70.52,23.0,23.0,2.6,20.0
446,pecos,AU,40.0,-37.83,140.78,23.0,23.0,8.7,75.0
447,mergui,RU,75.0,53.88,43.7,-13.52,-13.52,7.24,80.0
448,nakatunguru,AU,70.0,-13.85,136.42,30.0,30.0,3.6,75.0
449,sentyabrskiy,RU,71.0,59.06,80.87,-17.09,-17.09,2.89,48.0
450,muscat,SA,54.0,18.39,42.45,14.0,14.0,3.1,0.0
451,imbituva,AU,43.0,-24.87,152.35,31.0,31.0,4.6,40.0
452,semnan,PG,96.0,-4.34,152.27,29.39,29.39,3.94,12.0
453,ariquemes,IQ,64.0,33.75,45.55,15.44,15.44,6.84,92.0
454,bagdarin,CN,52.0,44.41,126.94,-2.99,-2.99,5.39,0.0
455,sovetskaya gavan,MX,100.0,15.84,-96.33,25.81,25.81,3.59,0.0
456,pachmarhi,AR,34.0,-41.13,-71.31,18.0,18.0,5.1,0.0
457,yatou,BD,61.0,20.86,92.31,23.79,23.79,1.19,0.0
458,dianopolis,NE,34.0,18.74,7.39,6.34,6.34,3.04,0.0
459,fez,TM,86.0,38.05,58.21,4.0,4.0,3.1,0.0
460,bonthe,CD,100.0,-5.04,18.82,22.54,22.54,1.59,24.0
461,cobourg,US,19.0,31.68,-110.66,15.0,10.0,4.1,1.0
462,murray bridge,US,95.0,31.06,-97.46,12.2,8.9,1.5,90.0
463,senanga,TR,76.0,36.95,36.2,13.0,10.0,2.1,40.0
464,wendo,IR,78.0,36.2,46.09,2.16,2.16,2.29,8.0
465,mwense,CA,75.0,51.26,-80.61,-27.0,-27.0,2.6,90.0
466,panaba,RU,100.0,51.8,143.14,-11.72,-11.72,7.04,0.0
467,tunduru,MM,100.0,19.3,97.96,17.0,17.0,1.09,90.0
468,norman wells,ZM,98.0,-11.84,31.4,18.29,18.29,1.54,92.0
469,chapais,BR,94.0,-5.99,-35.58,25.0,25.0,1.5,40.0
470,sao gabriel da cachoeira,NG,95.0,7.05,3.9,24.31,24.31,1.39,8.0
471,clarence town,LS,100.0,-30.4,27.7,4.44,4.44,1.14,0.0
472,tinyahuarco,RU,83.0,49.65,142.17,-9.99,-9.99,2.14,0.0
473,lasa,MX,44.0,26.91,-109.62,16.0,16.0,5.94,5.0
474,sivaki,CN,28.0,42.12,118.78,-2.09,-2.09,4.94,20.0
475,skibbereen,US,16.0,35.15,-114.57,19.0,10.6,9.3,1.0
476,bintulu,TT,88.0,10.16,-61.68,24.0,24.0,5.89,20.0
477,alofi,CF,31.0,7.69,18.62,23.54,23.54,2.94,68.0
478,cascais,CN,82.0,28.28,88.52,-14.67,-14.67,2.74,12.0
479,tadine,TO,66.0,-18.65,-173.98,29.0,29.0,4.6,40.0
480,gwanda,CA,69.0,55.28,-114.77,6.0,6.0,5.1,90.0
481,sumenep,CN,99.0,23.01,104.4,12.16,12.16,1.14,48.0
482,vila velha,PY,62.0,-25.35,-57.61,31.0,31.0,2.6,20.0
483,xunchang,RU,68.0,63.05,147.18,-27.57,-27.57,1.59,64.0
484,taywarah,CA,34.0,51.29,-114.01,11.0,8.0,8.2,40.0
485,matara,SY,76.0,35.01,37.05,1.26,1.26,1.34,0.0
486,bambanglipuro,GB,100.0,51.59,-3.0,8.0,6.0,7.2,75.0
487,lubumbashi,PH,78.0,11.38,122.76,25.81,25.81,7.29,64.0
488,cayenne,TH,94.0,8.64,99.37,25.0,24.0,2.44,20.0
489,okhotsk,US,87.0,46.88,-102.79,-7.2,-7.2,3.6,90.0
490,olden,NO,58.0,63.12,7.73,-2.0,-2.0,8.2,12.0
491,camacupa,AF,81.0,32.37,62.11,-1.67,-1.67,1.79,0.0
492,sorvag,CF,55.0,10.3,22.78,23.66,23.66,1.14,56.0
493,alugan,RU,73.0,51.54,92.92,-25.22,-25.22,0.99,20.0
494,henties bay,SA,89.0,21.43,39.83,17.74,17.74,1.54,0.0
495,marsa matruh,AU,47.0,-33.38,148.01,31.04,31.04,5.29,32.0
496,shimoda,BR,94.0,-29.69,-53.81,26.0,26.0,2.1,0.0
497,jiroft,ID,87.0,-7.32,109.23,26.16,26.16,1.44,56.0
498,shubarkuduk,CD,96.0,-0.28,20.88,22.79,22.79,0.99,56.0
499,gelemso,UY,96.0,-33.52,-56.9,23.06,23.06,3.44,32.0
500,bilma,GE,78.0,41.96,42.96,10.0,10.0,7.2,0.0
501,lubango,BM,93.0,32.3,-64.78,19.0,19.0,2.1,90.0
502,sosua,SE,83.0,67.86,20.23,-21.0,-21.0,1.19,76.0
503,bafra,RU,0.0,69.3,139.9,-39.69,-39.69,1.14,24.0
504,mount gambier,RU,76.0,54.81,82.6,-20.0,-20.0,6.0,75.0
505,narovchat,RU,70.0,63.01,112.47,-21.24,-21.24,2.94,76.0
506,alyangula,AU,66.0,-20.31,118.58,31.0,31.0,8.7,76.0
507,acara,VE,74.0,9.35,-65.33,24.81,24.81,3.79,64.0
508,kargasok,IN,44.0,27.93,96.16,15.26,15.26,0.29,92.0
509,faya,RU,88.0,50.41,41.76,-10.52,-10.52,6.59,88.0
510,bundaberg,US,20.0,34.56,-111.85,10.0,4.4,2.1,1.0
511,kokopo,BA,85.0,44.56,16.73,-6.0,-6.0,1.0,0.0
512,mandali,NZ,73.0,-45.75,170.57,23.06,23.06,2.09,36.0
513,shulan,RU,60.0,53.05,158.65,-13.0,-13.0,3.0,0.0
514,huatulco,NG,36.0,10.4,5.47,19.81,19.81,3.69,0.0
515,san carlos de bariloche,PT,67.0,37.8,-25.58,14.0,14.0,3.6,75.0
516,teknaf,RU,53.0,57.84,108.35,-15.84,-15.84,3.14,44.0
517,arlit,CN,42.0,40.61,115.04,-6.44,-6.44,2.74,12.0
518,buzmeyin,VE,93.0,10.67,-63.26,24.39,24.39,5.19,24.0
519,kikwit,RU,76.0,43.97,42.04,-5.19,-5.19,1.44,0.0
520,sonoita,CM,58.0,7.32,13.58,15.26,15.26,1.39,0.0
521,belton,RU,84.0,64.73,177.51,-19.0,-19.0,4.09,40.0
522,ngukurr,RU,76.0,62.72,147.95,-28.77,-28.77,1.59,64.0
523,erzin,AU,49.0,-34.85,139.16,23.0,23.0,5.7,75.0
524,mitu,BR,100.0,-5.35,-49.1,25.0,25.0,1.5,0.0
525,moose factory,MX,37.0,27.97,-114.04,16.76,16.76,4.94,0.0
526,nogliki,IN,72.0,25.52,90.21,18.09,18.09,1.59,92.0
527,mae hong son,NC,96.0,-21.35,165.16,25.99,25.99,8.84,20.0
528,mpika,CN,44.0,43.65,111.97,-9.24,-9.24,8.14,0.0
529,bom jesus,BR,91.0,-2.92,-39.92,24.91,24.91,3.84,56.0
530,arawa,SO,100.0,2.04,45.34,25.81,25.81,12.04,0.0
531,quthing,ID,84.0,-2.88,108.27,29.31,29.31,6.19,64.0
532,boshnyakovo,NZ,39.0,-35.1,173.78,27.99,27.99,2.44,0.0
533,etchojoa,NG,39.0,11.96,9.63,15.16,15.16,2.69,0.0
534,mujiayingzi,US,70.0,39.41,-74.36,-1.7,-3.3,2.1,1.0
535,bullhead city,MN,29.0,48.81,103.53,-14.52,-14.52,2.09,0.0
536,point fortin,BR,94.0,-23.49,-48.41,19.76,19.76,2.54,0.0
537,kabo,CA,73.0,60.72,-135.06,-3.0,-3.0,1.0,40.0
538,gamba,CA,91.0,53.41,-111.68,1.84,1.84,4.09,92.0
